NomeCliente,TelefoneFixo,Celular,Email
Annnora Kitman,21 2207-6636,21 96577-4496,akitman0@prnewswire.com
Dalton Alti,21 2614-3112,21 99403-7905,dalti1@cnbc.com
Dyana Gemlett,21 2355-3943,21 95249-5177,dgemlett2@istockphoto.com
Dionis Okroy,21 2713-7916,21 97730-7854,dokroy3@wunderground.com
Katleen Geekie,21 2626-9807,21 97234-1891,kgeekie4@com.com
Carny Rishbrook,21 2320-0723,21 92255-6873,crishbrook5@vistaprint.com
Cullen Aubrey,21 2428-0332,21 91175-1274,caubrey6@typepad.com
Francisca Ventris,21 2392-6819,21 99261-6349,fventris7@bloomberg.com
Cathy Rochford,21 2383-4609,21 91872-5968,crochford8@about.com
Daphna Kerrane,21 2490-2769,21 95380-5042,dkerrane9@soup.io
Harriott Dummett,21 2933-8908,21 95274-8154,hdummetta@scribd.com
Seymour Rawcliff,21 2781-2509,21 90461-1207,srawcliffb@privacy.gov.au
Carroll Veel,21 2920-7048,21 99829-3676,cveelc@hao123.com
Adan Faulkner,21 2591-5059,21 93215-8112,afaulknerd@newsvine.com
Lise Issett,21 2005-3505,21 96230-2155,lissette@theatlantic.com
Aloisia Satterthwaite,21 2512-7944,21 91137-5641,asatterthwaitef@timesonline.co.uk
Friedrick Shedden,21 2227-4993,21 92173-5569,fsheddeng@springer.com
Jennee Bockler,21 2595-2052,21 96966-0597,jbocklerh@cnbc.com
Iver Nutley,21 2983-9652,21 90268-4214,inutleyi@meetup.com
Elna Dighton,21 2364-6817,21 99193-5566,edightonj@wordpress.com
Dasya Andrichak,21 2248-5459,21 98660-5154,dandrichakk@salon.com
Odie Pales,21 2077-6890,21 95475-0563,opalesl@wordpress.org
Carlene O'Crotty,21 2202-6329,21 99281-8698,cocrottym@google.pl
Vivian Stampfer,21 2222-7921,21 93661-3103,vstampfern@nature.com
Asher Sarath,21 2226-2619,21 94028-4765,asaratho@tiny.cc
Padriac Kipping,21 2951-6799,21 90384-3046,pkippingp@trellian.com
Vail Rudeforth,21 2568-0843,21 93924-4473,vrudeforthq@ask.com
Calvin Labram,21 2882-4736,21 90263-4076,clabramr@desdev.cn
Toiboid Tumber,21 2258-6783,21 95458-2401,ttumbers@com.com
Lynnelle Petyt,21 2529-9447,21 90128-2317,lpetytt@ed.gov
Benji Cumberledge,21 2151-8058,21 97380-0111,bcumberledgeu@businessweek.com
Sammie Filippo,21 2631-8734,21 97450-4267,sfilippov@typepad.com
Padgett Rainton,21 2541-5022,21 96728-2547,praintonw@abc.net.au
Marcy Spawforth,21 2289-2310,21 99647-0589,mspawforthx@buzzfeed.com
Hammad Caplen,21 2269-2638,21 98235-4700,hcapleny@bravesites.com
Elberta Real,21 2740-9550,21 94955-6577,erealz@purevolume.com
Sawyere Ariss,21 2428-4990,21 95495-9811,sariss10@geocities.com
Marline Biggen,21 2347-9769,21 94684-7518,mbiggen11@java.com
Alfy Boagey,21 2346-3287,21 95623-6751,aboagey12@cnn.com
Davidde Armatys,21 2970-8247,21 91346-8465,darmatys13@themeforest.net
Vi Tyrer,21 2194-1637,21 98678-1382,vtyrer14@nyu.edu
Corby Jelphs,21 2638-5887,21 96229-2182,cjelphs15@squarespace.com
Daryn Scrivenor,21 2308-9753,21 96697-7276,dscrivenor16@ovh.net
Roland Ailward,21 2296-1390,21 91438-4015,railward17@domainmarket.com
Sunshine Marns,21 2316-2023,21 96958-5629,smarns18@bigcartel.com
Bryana Abry,21 2075-1955,21 95084-9561,babry19@rambler.ru
Raimundo Quiddinton,21 2395-2248,21 99796-3976,rquiddinton1a@unesco.org
Bernadine Channon,21 2121-2255,21 99580-3350,bchannon1b@yahoo.co.jp
Maisey Cowing,21 2262-9478,21 90189-8945,mcowing1c@latimes.com
Currie Parkman,21 2177-3211,21 98080-8994,cparkman1d@sbwire.com
Alysa Goldhawk,21 2843-9715,21 91283-3147,agoldhawk1e@bbc.co.uk
Yance Gosford,21 2686-1049,21 99944-7889,ygosford1f@indiatimes.com
Harrietta Hamsher,21 2696-0601,21 97352-2775,hhamsher1g@simplemachines.org
Fidole Biggs,21 2510-1821,21 95000-5345,fbiggs1h@surveymonkey.com
Aleece Leggis,21 2407-6188,21 91889-6405,aleggis1i@hao123.com
Zollie Rogliero,21 2527-2966,21 90659-8170,zrogliero1j@unc.edu
Shay Edgson,21 2448-4814,21 90749-4392,sedgson1k@surveymonkey.com
Alvin Timeby,21 2779-1204,21 97408-0376,atimeby1l@wisc.edu
Bradford Swane,21 2971-9181,21 97138-0839,bswane1m@ow.ly
Tammy Budgen,21 2337-4799,21 92001-4790,tbudgen1n@bigcartel.com
Taffy Sulley,21 2052-3710,21 93765-5541,tsulley1o@uiuc.edu
Shaughn Clapham,21 2558-1863,21 98080-1182,sclapham1p@cmu.edu
Perry Kraut,21 2739-9725,21 94633-7716,pkraut1q@goo.gl
Correy Berntsson,21 2028-6169,21 97259-0125,cberntsson1r@myspace.com
Kristien Marzelli,21 2141-6390,21 94986-8285,kmarzelli1s@marketwatch.com
Danit Ravenhill,21 2559-5053,21 95864-9350,dravenhill1t@google.fr
Tabbatha Tribbeck,21 2456-5319,21 97111-5228,ttribbeck1u@apache.org
Frayda Butland,21 2168-2520,21 90026-2771,fbutland1v@is.gd
Shelton Fowells,21 2298-2914,21 99184-5182,sfowells1w@amazon.de
Merla Towl,21 2784-4455,21 93214-7207,mtowl1x@bluehost.com
Noland Emmanueli,21 2447-5583,21 93881-6846,nemmanueli1y@foxnews.com
Antonie Durno,21 2268-8817,21 90268-7265,adurno1z@google.ca
Trixy Throughton,21 2535-7935,21 98773-0289,tthroughton20@google.co.uk
Irena Mulvaney,21 2650-4729,21 94443-0192,imulvaney21@apple.com
Karine Marsters,21 2110-9540,21 92593-7174,kmarsters22@usda.gov
Merrill Douris,21 2589-4896,21 93102-5890,mdouris23@salon.com
Broddy Greader,21 2880-1207,21 97192-6627,bgreader24@jugem.jp
Gustavus Dossettor,21 2661-7124,21 92195-6323,gdossettor25@upenn.edu
Dilan Deacock,21 2860-4664,21 96284-4996,ddeacock26@amazon.de
Kati Brizell,21 2939-9113,21 99515-9536,kbrizell27@xinhuanet.com
Alastair Osbidston,21 2783-2949,21 93415-1167,aosbidston28@simplemachines.org
Aldon Egdale,21 2591-7488,21 92289-6397,aegdale29@mediafire.com
Barty Ninnis,21 2243-6947,21 96576-8837,bninnis2a@godaddy.com
Elisabeth Balden,21 2568-2001,21 94626-3472,ebalden2b@uol.com.br
Janaye Toopin,21 2162-6649,21 90775-6778,jtoopin2c@state.tx.us
Orlando Dreghorn,21 2412-3683,21 93908-3900,odreghorn2d@webs.com
Gloriane Dengel,21 2100-1020,21 92336-8890,gdengel2e@cornell.edu
Addy Mioni,21 2581-0839,21 94208-5896,amioni2f@tmall.com
Germaine Haddacks,21 2041-4540,21 94392-4095,ghaddacks2g@purevolume.com
Shantee Chadbourne,21 2599-4034,21 91426-9494,schadbourne2h@blogtalkradio.com
Sylas Martinovsky,21 2630-8785,21 96790-8740,smartinovsky2i@mayoclinic.com
Charo Kinforth,21 2472-5217,21 99486-0690,ckinforth2j@newyorker.com
Emlynn Leafe,21 2517-4058,21 94503-2255,eleafe2k@diigo.com
Alyss Dudek,21 2633-3366,21 93276-2786,adudek2l@canalblog.com
Riki Lafflina,21 2572-8164,21 94924-2109,rlafflina2m@netvibes.com
Joell Gilffillan,21 2267-0921,21 98396-4751,jgilffillan2n@tiny.cc
Gustavo Penhalewick,21 2969-4195,21 94686-0947,gpenhalewick2o@hhs.gov
Edythe Lassen,21 2363-8445,21 94061-8493,elassen2p@mozilla.org
Johannes Lockhart,21 2539-2251,21 94277-5849,jlockhart2q@ustream.tv
Pamella Fosberry,21 2277-0192,21 95288-4293,pfosberry2r@webs.com
Fanni Bunting,21 2710-9652,21 95796-4384,fbunting2s@cbc.ca
Paige Garman,21 2404-5427,21 92701-9458,pgarman2t@nih.gov
Taryn Coltman,21 2901-2653,21 97611-0111,tcoltman2u@smh.com.au
Farrah Macci,21 2198-0438,21 94300-6588,fmacci2v@uiuc.edu
Alisun Profit,21 2611-7338,21 91319-3224,aprofit2w@smh.com.au
Fawnia McMennum,21 2256-4101,21 98377-9308,fmcmennum2x@infoseek.co.jp
Melessa Van der Hoeven,21 2016-4680,21 98362-6003,mvan2y@gravatar.com
Kelila Furse,21 2567-1179,21 97276-7364,kfurse2z@nasa.gov
Susette Tockell,21 2277-8939,21 90712-8489,stockell30@amazon.co.jp
Claire Desforges,21 2187-4731,21 96340-9978,cdesforges31@vinaora.com
Rem Behnke,21 2152-1204,21 95140-2614,rbehnke32@biblegateway.com
Byrle Carrane,21 2927-8606,21 99406-0550,bcarrane33@flavors.me
Corena Semeniuk,21 2589-2355,21 98902-1361,csemeniuk34@bbb.org
Kimberly Loughren,21 2332-3581,21 91212-3537,kloughren35@homestead.com
Cathe Orbell,21 2114-3278,21 98701-6970,corbell36@mac.com
Nolly Marchi,21 2310-2071,21 98464-1751,nmarchi37@noaa.gov
Marlon Hallihane,21 2018-4589,21 93190-6346,mhallihane38@globo.com
Maxy Sharvell,21 2292-0405,21 96358-7581,msharvell39@unesco.org
Annis Oldroyde,21 2265-4524,21 91202-1225,aoldroyde3a@chronoengine.com
Kasper Dentith,21 2185-7753,21 96427-6286,kdentith3b@latimes.com
Wrennie Van't Hoff,21 2595-6329,21 93992-2697,wvant3c@etsy.com
Joseph Neising,21 2776-2728,21 95190-3242,jneising3d@joomla.org
Simonne Barday,21 2726-4644,21 92559-0546,sbarday3e@freewebs.com
Sim Bonsale,21 2514-9156,21 93927-9570,sbonsale3f@themeforest.net
Milli Stollman,21 2032-9436,21 92709-0901,mstollman3g@hostgator.com
Nicola Lakenton,21 2582-1943,21 90434-4846,nlakenton3h@fema.gov
Raychel Mooney,21 2034-0617,21 98147-0504,rmooney3i@tripadvisor.com
Donia McAusland,21 2205-5790,21 98093-8752,dmcausland3j@photobucket.com
Emelita Palmar,21 2239-7882,21 98148-4162,epalmar3k@a8.net
Bearnard Kurt,21 2809-3193,21 92434-7748,bkurt3l@fc2.com
Alexia Crayden,21 2035-7564,21 95366-4977,acrayden3m@is.gd
Lorrayne Southwood,21 2276-1643,21 94355-2768,lsouthwood3n@sogou.com
Umeko Scarlet,21 2592-8028,21 90974-6885,uscarlet3o@cnbc.com
Derrick Sullens,21 2880-6892,21 96284-3423,dsullens3p@google.com.hk
Cesare Gomersall,21 2351-3222,21 99022-2989,cgomersall3q@ning.com
Aeriela Eastham,21 2624-1407,21 90795-0394,aeastham3r@mapy.cz
Zaria Barks,21 2428-9640,21 98289-5995,zbarks3s@chron.com
Egon Gilliver,21 2907-2464,21 97135-4588,egilliver3t@issuu.com
Belinda MacCarrane,21 2657-7336,21 96540-7910,bmaccarrane3u@rakuten.co.jp
Kath Vasyatkin,21 2995-7931,21 91631-8019,kvasyatkin3v@pinterest.com
Kilian Aggott,21 2703-4184,21 99266-9916,kaggott3w@about.me
Dugald Dreng,21 2222-1860,21 92387-1432,ddreng3x@g.co
Robin Antalffy,21 2072-4394,21 96395-7934,rantalffy3y@scribd.com
Ariella Meir,21 2543-6207,21 92232-4282,ameir3z@last.fm
Candi Caunce,21 2626-5089,21 90335-2246,ccaunce40@github.io
Tabatha Kieff,21 2826-7351,21 95349-7792,tkieff41@aol.com
Paulie Kopke,21 2417-4453,21 99049-6850,pkopke42@paypal.com
Elfrieda Shilston,21 2217-3048,21 92543-8759,eshilston43@lulu.com
Chester Terbrug,21 2219-7996,21 90279-5075,cterbrug44@elpais.com
Veronika Chelsom,21 2770-1449,21 90218-8089,vchelsom45@mapquest.com
Michaeline Sprowle,21 2757-5245,21 96263-3208,msprowle46@harvard.edu
Val Avrasin,21 2439-3882,21 91044-7715,vavrasin47@list-manage.com
Pat Dragon,21 2059-8105,21 98867-5809,pdragon48@illinois.edu
Mattias Ingledow,21 2523-4903,21 99371-6965,mingledow49@java.com
Davin Livock,21 2701-1167,21 98928-5620,dlivock4a@liveinternet.ru
Mariya Blankau,21 2048-2026,21 93072-9755,mblankau4b@furl.net
Borg McMillian,21 2899-8405,21 95076-7751,bmcmillian4c@berkeley.edu
Halley Crowder,21 2006-5495,21 96243-1086,hcrowder4d@geocities.com
Belva Whoston,21 2085-0010,21 99720-3454,bwhoston4e@zdnet.com
Phil Knappe,21 2612-8008,21 98818-1678,pknappe4f@webs.com
Marsha Wardle,21 2520-9396,21 98650-1852,mwardle4g@apple.com
Lamar Vale,21 2105-0081,21 93206-1741,lvale4h@elpais.com
Jilli Monson,21 2749-5927,21 96643-5311,jmonson4i@storify.com
Lucinda Lewsie,21 2098-7516,21 90654-4553,llewsie4j@instagram.com
Carlota Jewell,21 2899-2114,21 95933-0266,cjewell4k@nasa.gov
Milissent Duesberry,21 2714-0917,21 94235-4678,mduesberry4l@nydailynews.com
Bliss Izachik,21 2162-4792,21 92871-6713,bizachik4m@domainmarket.com
Claudina Chamberlain,21 2335-9670,21 98328-2710,cchamberlain4n@indiegogo.com
Ingaberg Fitzhenry,21 2644-1221,21 97350-9042,ifitzhenry4o@google.cn
Terencio Bembridge,21 2345-6725,21 95048-0800,tbembridge4p@istockphoto.com
Jenifer Marson,21 2959-0014,21 91598-7559,jmarson4q@uol.com.br
Lucy Byfford,21 2889-7585,21 91741-1597,lbyfford4r@ask.com
Devy Lacelett,21 2561-6772,21 91951-8878,dlacelett4s@people.com.cn
Dix Pumfrett,21 2995-1651,21 95896-4432,dpumfrett4t@cafepress.com
Berny Jirzik,21 2012-4394,21 92978-0563,bjirzik4u@woothemes.com
Osbert Mountfort,21 2415-5342,21 98981-8289,omountfort4v@rediff.com
Etty MacDunleavy,21 2625-4099,21 99161-0829,emacdunleavy4w@indiatimes.com
Alicea Gummoe,21 2560-1480,21 95950-3465,agummoe4x@cam.ac.uk
Toni Nowlan,21 2917-9525,21 98114-4828,tnowlan4y@dedecms.com
Celia Storror,21 2003-7328,21 98789-3895,cstorror4z@gmpg.org
Myra Bault,21 2841-0094,21 94878-3956,mbault50@va.gov
Jeffrey Izzard,21 2063-2369,21 93078-3190,jizzard51@comsenz.com
Alysia Malim,21 2771-1303,21 91866-3093,amalim52@huffingtonpost.com
Domeniga Poppleston,21 2754-0382,21 97466-0105,dpoppleston53@sciencedirect.com
Vonni Slowcock,21 2214-1085,21 93805-0276,vslowcock54@about.com
Camala Buntain,21 2768-9533,21 93090-4176,cbuntain55@slate.com
Micki Duxfield,21 2722-6888,21 98487-9540,mduxfield56@prlog.org
Abbie Belch,21 2291-1057,21 92226-6483,abelch57@nsw.gov.au
Erin Jambrozek,21 2281-6500,21 94214-2753,ejambrozek58@examiner.com
Deonne Hedderly,21 2598-3260,21 91645-9923,dhedderly59@jimdo.com
Lonna Groneway,21 2951-5277,21 93465-6647,lgroneway5a@unesco.org
Dedra Perham,21 2333-8444,21 90072-8931,dperham5b@toplist.cz
Hayes Gerardot,21 2053-3625,21 94635-0922,hgerardot5c@cam.ac.uk
Berk Hawkeridge,21 2113-4384,21 98839-8875,bhawkeridge5d@europa.eu
Sammy Girardi,21 2072-3752,21 95509-8276,sgirardi5e@earthlink.net
Kass Gethyn,21 2022-5649,21 97646-7674,kgethyn5f@wikia.com
Allx Merit,21 2636-9805,21 97233-4326,amerit5g@meetup.com
Titus Baynes,21 2832-3468,21 91610-3333,tbaynes5h@prlog.org
Riane Leander,21 2510-2694,21 98313-8531,rleander5i@godaddy.com
Noble Sabater,21 2241-1472,21 93568-9985,nsabater5j@spiegel.de
